Date,Note,Sentiment
2025-10-31,Efficient workflow today. Updates to follow.,Positive
2025-10-31,Daily report submitted.,Neutral
2025-10-31,Inventory check in progress.,Neutral
2025-10-31,Delay due to shortage of cement.,Negative
2025-10-31,Shift change at 6 PM.,Neutral
2025-10-31,Great team coordination today.,Positive
2025-10-31,Routine maintenance check done.,Neutral
2025-10-31,Material delivery expected next week.,Neutral
2025-10-31,Work completed on time.,Positive
2025-10-31,Efficient workflow today.,Positive
2025-10-31,Inventory check in progress.,Neutral
2025-10-31,Material quality is poor.,Negative
2025-10-31,Inspection scheduled for tomorrow. Will report tomorrow.,Neutral
2025-10-31,Permit issues causing delays.,Negative
2025-10-31,"Accident on site, work stopped.",Negative
2025-10-31,Pending approval from the structural engineer.,Neutral
2025-10-31,Inventory check in progress.,Neutral
2025-10-31,Good progress on the foundation work.,Positive
2025-11-01,Conflict between workers.,Negative
2025-11-01,Safety inspection passed successfully.,Positive
2025-11-01,"Accident on site, work stopped.",Negative
2025-11-01,Meeting with the architect at 2 PM.,Neutral
2025-11-01,Material delivery arrived early.,Positive
2025-11-01,Material quality is poor. Noted in log.,Negative
2025-11-01,Machinery breakdown caused a halt.,Negative
2025-11-01,Workers are on break.,Neutral
2025-11-01,Client is happy with the progress.,Positive
2025-11-01,Safety violation reported.,Negative
2025-11-01,Safety violation reported.,Negative
2025-11-01,Shift change at 6 PM.,Neutral
2025-11-02,Workers are on break. Updates to follow.,Neutral
2025-11-02,Machinery breakdown caused a halt.,Negative
2025-11-02,Great team coordination today. Noted in log.,Positive
2025-11-02,Routine maintenance check done.,Neutral
2025-11-02,Daily report submitted.,Neutral
2025-11-02,Good progress on the foundation work.,Positive
2025-11-02,Meeting with the architect at 2 PM.,Neutral
2025-11-02,Shift change at 6 PM.,Neutral
2025-11-02,Conflict between workers.,Negative
2025-11-02,Great team coordination today.,Positive
2025-11-02,Routine maintenance check done.,Neutral
2025-11-02,Delay due to shortage of cement.,Negative
2025-11-02,Safety inspection passed successfully.,Positive
2025-11-02,Good progress on the foundation work.,Positive
2025-11-02,Machinery breakdown caused a halt.,Negative
2025-11-02,Conflict between workers. Will report tomorrow.,Negative
2025-11-02,Permit issues causing delays.,Negative
2025-11-03,Shift change at 6 PM.,Neutral
2025-11-03,Inventory check in progress.,Neutral
2025-11-03,Good progress on the foundation work.,Positive
2025-11-03,Material delivery expected next week.,Neutral
2025-11-03,Machinery breakdown caused a halt. Will report tomorrow.,Negative
2025-11-03,Machinery breakdown caused a halt. Noted in log.,Negative
2025-11-03,Great team coordination today.,Positive
2025-11-03,Delay due to shortage of cement. Noted in log.,Negative
2025-11-03,Safety violation reported.,Negative
2025-11-03,Budget overrun for this phase.,Negative
2025-11-03,Material quality is poor.,Negative
2025-11-03,Material quality is poor.,Negative
2025-11-03,Routine maintenance check done.,Neutral
2025-11-03,Great team coordination today.,Positive
2025-11-04,Workers are on break.,Neutral
2025-11-04,Safety inspection passed successfully.,Positive
2025-11-04,Work completed on time.,Positive
2025-11-04,Daily report submitted.,Neutral
2025-11-04,Inventory check in progress.,Neutral
2025-11-04,Meeting with the architect at 2 PM.,Neutral
2025-11-04,Shift change at 6 PM.,Neutral
2025-11-04,Material delivery expected next week.,Neutral
2025-11-04,Pending approval from the structural engineer.,Neutral
2025-11-04,Inspection scheduled for tomorrow.,Neutral
2025-11-04,Material quality is poor. Updates to follow.,Negative
2025-11-04,Daily report submitted.,Neutral
2025-11-04,Heavy rain affected the work progress. Noted in log.,Negative
2025-11-04,Budget overrun for this phase.,Negative
2025-11-04,Good progress on the foundation work.,Positive
2025-11-04,Workers are on break. Noted in log.,Neutral
2025-11-04,Inspection scheduled for tomorrow.,Neutral
2025-11-04,Inspection scheduled for tomorrow.,Neutral
2025-11-04,Labor shortage today.,Negative
2025-11-04,Shift change at 6 PM.,Neutral
2025-11-04,Machinery breakdown caused a halt.,Negative
2025-11-05,Inventory check in progress.,Neutral
2025-11-05,Workers are on break.,Neutral
2025-11-05,Good progress on the foundation work.,Positive
2025-11-05,Material delivery arrived early.,Positive
2025-11-05,Material delivery expected next week. Noted in log.,Neutral
2025-11-05,Delay due to shortage of cement.,Negative
2025-11-05,Work completed on time.,Positive
2025-11-05,Task finished ahead of schedule.,Positive
2025-11-05,Budget overrun for this phase.,Negative
2025-11-05,Client is happy with the progress.,Positive
2025-11-05,Labor shortage today.,Negative
2025-11-05,Weather was perfect for concreting.,Positive
2025-11-05,Task finished ahead of schedule.,Positive
2025-11-05,Conflict between workers.,Negative
2025-11-05,Shift change at 6 PM.,Neutral
2025-11-05,Site office closed for lunch. Noted in log.,Neutral
2025-11-05,All targets met for the day.,Positive
2025-11-05,Workers are on break.,Neutral
2025-11-06,Task finished ahead of schedule.,Positive
2025-11-06,All targets met for the day. Noted in log.,Positive
2025-11-06,Heavy rain affected the work progress.,Negative
2025-11-06,Safety violation reported.,Negative
2025-11-06,Material quality is poor.,Negative
2025-11-06,Routine maintenance check done.,Neutral
2025-11-06,Inventory check in progress.,Neutral
2025-11-06,All targets met for the day.,Positive
2025-11-06,Good progress on the foundation work.,Positive
2025-11-06,Meeting with the architect at 2 PM.,Neutral
2025-11-06,Efficient workflow today. Updates to follow.,Positive
2025-11-06,Inspection scheduled for tomorrow.,Neutral
2025-11-06,Efficient workflow today.,Positive
2025-11-06,Efficient workflow today.,Positive
2025-11-06,Routine maintenance check done.,Neutral
2025-11-06,All targets met for the day.,Positive
2025-11-06,Pending approval from the structural engineer.,Neutral
2025-11-06,Efficient workflow today. Will report tomorrow.,Positive
2025-11-06,Inventory check in progress.,Neutral
2025-11-06,Permit issues causing delays.,Negative
2025-11-06,Pending approval from the structural engineer. Will report tomorrow.,Neutral
2025-11-07,Work completed on time.,Positive
2025-11-07,Machinery breakdown caused a halt. Will report tomorrow.,Negative
2025-11-07,Shift change at 6 PM.,Neutral
2025-11-07,Site office closed for lunch.,Neutral
2025-11-07,Pending approval from the structural engineer.,Neutral
2025-11-07,Permit issues causing delays.,Negative
2025-11-07,Machinery breakdown caused a halt.,Negative
2025-11-07,Labor shortage today.,Negative
2025-11-07,Delay due to shortage of cement.,Negative
2025-11-07,Inventory check in progress.,Neutral
2025-11-07,Safety inspection passed successfully.,Positive
2025-11-07,Site office closed for lunch.,Neutral
2025-11-07,"Accident on site, work stopped.",Negative
2025-11-08,Safety violation reported.,Negative
2025-11-08,Weather was perfect for concreting.,Positive
2025-11-08,Great team coordination today.,Positive
2025-11-08,Labor shortage today.,Negative
2025-11-08,Client is happy with the progress. Will report tomorrow.,Positive
2025-11-08,All targets met for the day.,Positive
2025-11-08,Client is happy with the progress.,Positive
2025-11-08,Pending approval from the structural engineer.,Neutral
2025-11-08,Daily report submitted.,Neutral
2025-11-08,Efficient workflow today.,Positive
2025-11-08,All targets met for the day.,Positive
2025-11-08,Site office closed for lunch.,Neutral
2025-11-08,Safety inspection passed successfully.,Positive
2025-11-08,Pending approval from the structural engineer. Updates to follow.,Neutral
2025-11-08,Permit issues causing delays. Updates to follow.,Negative
2025-11-08,Work completed on time.,Positive
2025-11-08,Material delivery arrived early.,Positive
2025-11-08,Heavy rain affected the work progress.,Negative
2025-11-09,Safety violation reported.,Negative
2025-11-09,All targets met for the day. Noted in log.,Positive
2025-11-09,Safety inspection passed successfully.,Positive
2025-11-09,Work completed on time.,Positive
2025-11-09,"Accident on site, work stopped. Will report tomorrow.",Negative
2025-11-09,Client is happy with the progress.,Positive
2025-11-09,Shift change at 6 PM.,Neutral
2025-11-09,Good progress on the foundation work.,Positive
2025-11-09,Safety violation reported.,Negative
2025-11-09,Material quality is poor.,Negative
2025-11-09,All targets met for the day.,Positive
2025-11-09,Weather was perfect for concreting.,Positive
2025-11-09,Inspection scheduled for tomorrow.,Neutral
2025-11-10,Conflict between workers.,Negative
2025-11-10,Routine maintenance check done.,Neutral
2025-11-10,Daily report submitted.,Neutral
2025-11-10,Good progress on the foundation work.,Positive
2025-11-10,Safety violation reported.,Negative
2025-11-10,Shift change at 6 PM.,Neutral
2025-11-10,Work completed on time. Will report tomorrow.,Positive
2025-11-10,Heavy rain affected the work progress.,Negative
2025-11-10,Workers are on break.,Neutral
2025-11-10,Safety violation reported.,Negative
2025-11-10,Permit issues causing delays.,Negative
2025-11-10,Good progress on the foundation work.,Positive
2025-11-10,Site office closed for lunch.,Neutral
2025-11-10,"Accident on site, work stopped.",Negative
2025-11-10,Material delivery arrived early.,Positive
2025-11-10,Weather was perfect for concreting.,Positive
2025-11-10,Budget overrun for this phase.,Negative
2025-11-10,Inventory check in progress.,Neutral
2025-11-10,Delay due to shortage of cement.,Negative
2025-11-10,Safety inspection passed successfully.,Positive
2025-11-10,Routine maintenance check done.,Neutral
2025-11-11,Heavy rain affected the work progress.,Negative
2025-11-11,Pending approval from the structural engineer.,Neutral
2025-11-11,Good progress on the foundation work.,Positive
2025-11-11,Material quality is poor. Updates to follow.,Negative
2025-11-11,All targets met for the day.,Positive
2025-11-11,Material quality is poor.,Negative
2025-11-11,All targets met for the day.,Positive
2025-11-11,Meeting with the architect at 2 PM.,Neutral
2025-11-11,Client is happy with the progress.,Positive
2025-11-11,Site office closed for lunch.,Neutral
2025-11-11,Good progress on the foundation work.,Positive
2025-11-11,Conflict between workers.,Negative
2025-11-11,Workers are on break. Updates to follow.,Neutral
2025-11-11,Pending approval from the structural engineer.,Neutral
2025-11-12,Budget overrun for this phase.,Negative
2025-11-12,Material delivery arrived early.,Positive
2025-11-12,Weather was perfect for concreting. Will report tomorrow.,Positive
2025-11-12,Client is happy with the progress. Noted in log.,Positive
2025-11-12,Material delivery expected next week.,Neutral
2025-11-12,Daily report submitted.,Neutral
2025-11-12,Meeting with the architect at 2 PM.,Neutral
2025-11-12,Heavy rain affected the work progress.,Negative
2025-11-12,Material quality is poor.,Negative
2025-11-13,Material delivery expected next week. Updates to follow.,Neutral
2025-11-13,Daily report submitted.,Neutral
2025-11-13,Efficient workflow today.,Positive
2025-11-13,Safety inspection passed successfully.,Positive
2025-11-13,Routine maintenance check done.,Neutral
2025-11-13,Safety violation reported.,Negative
2025-11-13,Delay due to shortage of cement. Noted in log.,Negative
2025-11-13,Machinery breakdown caused a halt.,Negative
2025-11-13,Task finished ahead of schedule.,Positive
2025-11-13,Meeting with the architect at 2 PM. Will report tomorrow.,Neutral
2025-11-13,Pending approval from the structural engineer.,Neutral
2025-11-13,Good progress on the foundation work. Updates to follow.,Positive
2025-11-13,"Accident on site, work stopped.",Negative
2025-11-13,Shift change at 6 PM.,Neutral
2025-11-14,Labor shortage today.,Negative
2025-11-14,Weather was perfect for concreting.,Positive
2025-11-14,Efficient workflow today.,Positive
2025-11-14,Heavy rain affected the work progress.,Negative
2025-11-14,Labor shortage today.,Negative
2025-11-14,Labor shortage today.,Negative
2025-11-14,Site office closed for lunch.,Neutral
2025-11-14,Meeting with the architect at 2 PM.,Neutral
2025-11-14,Permit issues causing delays. Updates to follow.,Negative
2025-11-14,Efficient workflow today. Updates to follow.,Positive
2025-11-14,Efficient workflow today.,Positive
2025-11-14,Routine maintenance check done.,Neutral
2025-11-14,Safety violation reported.,Negative
2025-11-14,Inspection scheduled for tomorrow.,Neutral
2025-11-14,Daily report submitted.,Neutral
2025-11-15,Delay due to shortage of cement.,Negative
2025-11-15,Task finished ahead of schedule.,Positive
2025-11-15,Task finished ahead of schedule.,Positive
2025-11-15,Conflict between workers.,Negative
2025-11-15,Heavy rain affected the work progress.,Negative
2025-11-15,Great team coordination today.,Positive
2025-11-15,Material quality is poor.,Negative
2025-11-15,Material delivery expected next week.,Neutral
2025-11-15,Labor shortage today.,Negative
2025-11-15,Weather was perfect for concreting.,Positive
2025-11-15,Machinery breakdown caused a halt.,Negative
2025-11-15,Work completed on time.,Positive
2025-11-15,Inventory check in progress.,Neutral
2025-11-15,Material quality is poor.,Negative
2025-11-16,Inspection scheduled for tomorrow.,Neutral
2025-11-16,Site office closed for lunch.,Neutral
2025-11-16,Client is happy with the progress.,Positive
2025-11-16,Meeting with the architect at 2 PM. Noted in log.,Neutral
2025-11-16,Routine maintenance check done. Will report tomorrow.,Neutral
2025-11-16,Task finished ahead of schedule.,Positive
2025-11-16,Client is happy with the progress.,Positive
2025-11-16,Machinery breakdown caused a halt. Noted in log.,Negative
2025-11-16,Work completed on time.,Positive
2025-11-16,Delay due to shortage of cement.,Negative
2025-11-16,Client is happy with the progress.,Positive
2025-11-16,Workers are on break. Updates to follow.,Neutral
2025-11-16,Material delivery expected next week.,Neutral
2025-11-16,Safety violation reported.,Negative
2025-11-16,Inspection scheduled for tomorrow.,Neutral
2025-11-16,Workers are on break.,Neutral
2025-11-16,Inventory check in progress. Will report tomorrow.,Neutral
2025-11-16,Labor shortage today.,Negative
2025-11-16,Conflict between workers.,Negative
2025-11-17,Inventory check in progress.,Neutral
2025-11-17,Great team coordination today. Noted in log.,Positive
2025-11-17,Shift change at 6 PM.,Neutral
2025-11-17,Client is happy with the progress.,Positive
2025-11-17,Material delivery expected next week.,Neutral
2025-11-17,Material quality is poor.,Negative
2025-11-17,Task finished ahead of schedule.,Positive
2025-11-17,Work completed on time.,Positive
2025-11-17,Heavy rain affected the work progress.,Negative
2025-11-17,All targets met for the day. Noted in log.,Positive
2025-11-17,Permit issues causing delays.,Negative
2025-11-18,Workers are on break.,Neutral
2025-11-18,Client is happy with the progress. Will report tomorrow.,Positive
2025-11-18,Conflict between workers. Will report tomorrow.,Negative
2025-11-18,Safety violation reported.,Negative
2025-11-18,Permit issues causing delays. Noted in log.,Negative
2025-11-18,Budget overrun for this phase.,Negative
2025-11-18,Work completed on time.,Positive
2025-11-18,Machinery breakdown caused a halt.,Negative
2025-11-18,"Accident on site, work stopped. Will report tomorrow.",Negative
2025-11-18,Material delivery arrived early.,Positive
2025-11-18,Permit issues causing delays.,Negative
2025-11-18,Site office closed for lunch.,Neutral
2025-11-18,Delay due to shortage of cement.,Negative
2025-11-18,Conflict between workers.,Negative
2025-11-18,Labor shortage today.,Negative
2025-11-18,Delay due to shortage of cement.,Negative
2025-11-18,Client is happy with the progress.,Positive
2025-11-18,Daily report submitted. Noted in log.,Neutral
2025-11-18,Great team coordination today.,Positive
2025-11-18,Pending approval from the structural engineer.,Neutral
2025-11-18,Great team coordination today.,Positive
2025-11-18,Material quality is poor.,Negative
2025-11-18,Permit issues causing delays.,Negative
2025-11-18,Machinery breakdown caused a halt.,Negative
2025-11-18,Good progress on the foundation work. Updates to follow.,Positive
2025-11-18,Efficient workflow today.,Positive
2025-11-19,"Accident on site, work stopped.",Negative
2025-11-19,Material delivery arrived early.,Positive
2025-11-19,Inspection scheduled for tomorrow.,Neutral
2025-11-19,Efficient workflow today.,Positive
2025-11-19,All targets met for the day.,Positive
2025-11-19,Conflict between workers.,Negative
2025-11-19,Client is happy with the progress.,Positive
2025-11-19,Efficient workflow today.,Positive
2025-11-19,Inspection scheduled for tomorrow.,Neutral
2025-11-19,Budget overrun for this phase.,Negative
2025-11-19,Permit issues causing delays.,Negative
2025-11-19,Shift change at 6 PM.,Neutral
2025-11-19,"Accident on site, work stopped. Noted in log.",Negative
2025-11-19,Efficient workflow today. Updates to follow.,Positive
2025-11-20,Routine maintenance check done.,Neutral
2025-11-20,All targets met for the day.,Positive
2025-11-20,Safety inspection passed successfully.,Positive
2025-11-20,All targets met for the day.,Positive
2025-11-20,Material delivery arrived early.,Positive
2025-11-20,Shift change at 6 PM. Will report tomorrow.,Neutral
2025-11-20,"Accident on site, work stopped.",Negative
2025-11-20,Inspection scheduled for tomorrow.,Neutral
2025-11-20,Material quality is poor. Will report tomorrow.,Negative
2025-11-20,All targets met for the day. Updates to follow.,Positive
2025-11-20,Work completed on time.,Positive
2025-11-20,Site office closed for lunch.,Neutral
2025-11-21,All targets met for the day. Noted in log.,Positive
2025-11-21,Work completed on time. Will report tomorrow.,Positive
2025-11-21,Budget overrun for this phase.,Negative
2025-11-21,Labor shortage today.,Negative
2025-11-21,Inspection scheduled for tomorrow.,Neutral
2025-11-21,Heavy rain affected the work progress.,Negative
2025-11-21,Budget overrun for this phase.,Negative
2025-11-21,Good progress on the foundation work.,Positive
2025-11-21,Safety violation reported.,Negative
2025-11-21,Conflict between workers. Noted in log.,Negative
2025-11-21,Shift change at 6 PM.,Neutral
2025-11-21,Inspection scheduled for tomorrow.,Neutral
2025-11-21,Material delivery arrived early. Noted in log.,Positive
2025-11-21,"Accident on site, work stopped.",Negative
2025-11-21,Inspection scheduled for tomorrow. Noted in log.,Neutral
2025-11-21,Machinery breakdown caused a halt.,Negative
2025-11-21,Routine maintenance check done.,Neutral
2025-11-22,Heavy rain affected the work progress. Will report tomorrow.,Negative
2025-11-22,Material delivery arrived early.,Positive
2025-11-22,Safety inspection passed successfully.,Positive
2025-11-22,Task finished ahead of schedule.,Positive
2025-11-22,Work completed on time. Will report tomorrow.,Positive
2025-11-22,Weather was perfect for concreting.,Positive
2025-11-22,Daily report submitted.,Neutral
2025-11-22,Delay due to shortage of cement.,Negative
2025-11-22,"Accident on site, work stopped. Noted in log.",Negative
2025-11-22,Conflict between workers.,Negative
2025-11-22,Daily report submitted.,Neutral
2025-11-22,Task finished ahead of schedule. Updates to follow.,Positive
2025-11-22,All targets met for the day.,Positive
2025-11-22,Task finished ahead of schedule.,Positive
2025-11-22,Great team coordination today.,Positive
2025-11-22,Work completed on time.,Positive
2025-11-22,Meeting with the architect at 2 PM.,Neutral
2025-11-22,Shift change at 6 PM. Updates to follow.,Neutral
2025-11-22,Task finished ahead of schedule.,Positive
2025-11-23,Safety violation reported.,Negative
2025-11-23,"Accident on site, work stopped. Updates to follow.",Negative
2025-11-23,All targets met for the day.,Positive
2025-11-23,Conflict between workers. Noted in log.,Negative
2025-11-23,Task finished ahead of schedule.,Positive
2025-11-23,Shift change at 6 PM. Will report tomorrow.,Neutral
2025-11-23,Weather was perfect for concreting.,Positive
2025-11-23,Safety inspection passed successfully.,Positive
2025-11-23,Delay due to shortage of cement.,Negative
2025-11-23,Weather was perfect for concreting.,Positive
2025-11-23,Efficient workflow today. Updates to follow.,Positive
2025-11-23,Inventory check in progress. Updates to follow.,Neutral
2025-11-23,Site office closed for lunch. Updates to follow.,Neutral
2025-11-23,Client is happy with the progress.,Positive
2025-11-23,Material quality is poor.,Negative
2025-11-23,Great team coordination today.,Positive
2025-11-23,Daily report submitted.,Neutral
2025-11-23,Pending approval from the structural engineer.,Neutral
2025-11-23,Budget overrun for this phase.,Negative
2025-11-23,Task finished ahead of schedule.,Positive
2025-11-23,Inspection scheduled for tomorrow.,Neutral
2025-11-23,Workers are on break.,Neutral
2025-11-23,Meeting with the architect at 2 PM.,Neutral
2025-11-23,Machinery breakdown caused a halt.,Negative
2025-11-24,Meeting with the architect at 2 PM.,Neutral
2025-11-24,Workers are on break.,Neutral
2025-11-24,Machinery breakdown caused a halt. Will report tomorrow.,Negative
2025-11-24,Client is happy with the progress.,Positive
2025-11-24,Material delivery expected next week.,Neutral
2025-11-24,Safety violation reported.,Negative
2025-11-24,Labor shortage today.,Negative
2025-11-24,Material quality is poor.,Negative
2025-11-24,Inspection scheduled for tomorrow.,Neutral
2025-11-24,Safety violation reported.,Negative
2025-11-24,Material delivery arrived early.,Positive
2025-11-24,Delay due to shortage of cement.,Negative
2025-11-24,Task finished ahead of schedule.,Positive
2025-11-24,"Accident on site, work stopped. Will report tomorrow.",Negative
2025-11-24,Work completed on time.,Positive
2025-11-24,Safety inspection passed successfully.,Positive
2025-11-25,Workers are on break.,Neutral
2025-11-25,Conflict between workers.,Negative
2025-11-25,Routine maintenance check done.,Neutral
2025-11-25,Inspection scheduled for tomorrow.,Neutral
2025-11-25,Material delivery expected next week.,Neutral
2025-11-25,Safety violation reported. Updates to follow.,Negative
2025-11-25,Pending approval from the structural engineer.,Neutral
2025-11-25,Weather was perfect for concreting.,Positive
2025-11-25,Material delivery expected next week.,Neutral
2025-11-25,Work completed on time.,Positive
2025-11-25,Permit issues causing delays.,Negative
2025-11-25,Labor shortage today.,Negative
2025-11-25,Inventory check in progress.,Neutral
2025-11-25,Material delivery expected next week.,Neutral
2025-11-25,Conflict between workers.,Negative
2025-11-26,"Accident on site, work stopped.",Negative
2025-11-26,Safety violation reported.,Negative
2025-11-26,Good progress on the foundation work.,Positive
2025-11-26,Conflict between workers.,Negative
2025-11-26,Task finished ahead of schedule. Updates to follow.,Positive
2025-11-26,Pending approval from the structural engineer. Will report tomorrow.,Neutral
2025-11-26,Permit issues causing delays.,Negative
2025-11-26,Material delivery expected next week. Noted in log.,Neutral
2025-11-26,Budget overrun for this phase. Will report tomorrow.,Negative
2025-11-26,Shift change at 6 PM. Noted in log.,Neutral
2025-11-26,Work completed on time.,Positive
2025-11-26,Permit issues causing delays.,Negative
2025-11-26,Weather was perfect for concreting.,Positive
2025-11-26,Material quality is poor.,Negative
2025-11-26,Task finished ahead of schedule.,Positive
2025-11-26,Daily report submitted.,Neutral
2025-11-26,Delay due to shortage of cement.,Negative
2025-11-26,Shift change at 6 PM.,Neutral
2025-11-27,Delay due to shortage of cement.,Negative
2025-11-27,"Accident on site, work stopped.",Negative
2025-11-27,Site office closed for lunch.,Neutral
2025-11-27,Budget overrun for this phase.,Negative
2025-11-27,Inspection scheduled for tomorrow.,Neutral
2025-11-27,Site office closed for lunch.,Neutral
2025-11-27,Safety inspection passed successfully.,Positive
2025-11-27,Work completed on time.,Positive
2025-11-27,Inspection scheduled for tomorrow.,Neutral
2025-11-27,Material delivery expected next week.,Neutral
2025-11-27,Conflict between workers.,Negative
2025-11-27,Budget overrun for this phase.,Negative
2025-11-27,Heavy rain affected the work progress.,Negative
2025-11-27,Site office closed for lunch.,Neutral
2025-11-27,Conflict between workers.,Negative
2025-11-27,Workers are on break. Will report tomorrow.,Neutral
2025-11-27,Daily report submitted.,Neutral
2025-11-28,Workers are on break.,Neutral
2025-11-28,"Accident on site, work stopped.",Negative
2025-11-28,Shift change at 6 PM.,Neutral
2025-11-28,Good progress on the foundation work.,Positive
2025-11-28,Great team coordination today. Updates to follow.,Positive
2025-11-28,Daily report submitted. Noted in log.,Neutral
2025-11-28,Material quality is poor.,Negative
2025-11-28,Conflict between workers.,Negative
2025-11-28,Daily report submitted. Updates to follow.,Neutral
2025-11-28,"Accident on site, work stopped.",Negative
2025-11-28,Conflict between workers.,Negative
2025-11-28,"Accident on site, work stopped.",Negative
2025-11-28,Inspection scheduled for tomorrow.,Neutral
2025-11-28,Inventory check in progress. Noted in log.,Neutral
2025-11-28,Routine maintenance check done.,Neutral
2025-11-28,"Accident on site, work stopped.",Negative
2025-11-28,Weather was perfect for concreting.,Positive
2025-11-29,Shift change at 6 PM. Noted in log.,Neutral
2025-11-29,Safety inspection passed successfully.,Positive
2025-11-29,Material quality is poor.,Negative
2025-11-29,Inspection scheduled for tomorrow.,Neutral
2025-11-29,Conflict between workers.,Negative
2025-11-29,Work completed on time.,Positive
2025-11-29,All targets met for the day.,Positive
2025-11-29,Efficient workflow today.,Positive
2025-11-29,Machinery breakdown caused a halt. Updates to follow.,Negative
2025-11-29,Material delivery arrived early.,Positive
2025-11-29,Daily report submitted.,Neutral
2025-11-29,Conflict between workers.,Negative
2025-11-29,Shift change at 6 PM. Noted in log.,Neutral
2025-11-29,Routine maintenance check done.,Neutral
2025-11-30,Shift change at 6 PM.,Neutral
2025-11-30,Meeting with the architect at 2 PM. Will report tomorrow.,Neutral
2025-11-30,Inventory check in progress.,Neutral
2025-11-30,Material quality is poor.,Negative
2025-11-30,All targets met for the day.,Positive
2025-11-30,Labor shortage today.,Negative
2025-11-30,Weather was perfect for concreting.,Positive
2025-11-30,Great team coordination today.,Positive
2025-11-30,Efficient workflow today.,Positive
